trace_id,condition,pattern,pattern_rank,n_occurrences_judged,trace_verdict,any_hit,failure_summary,justification,root_cause_span,root_cause_reason,mad_relative_path,model
11,failing_candidate,PLAN :: ACT :: TERMINATE :: ACT,1,1,caused,True,"The agent incorrectly concluded that the bug was already fixed, failing to apply the necessary patch to the fast-delete path.","The highlighted window shows a PLAN → ACT → TERMINATE → ACT sequence where the planner initially plans to investigate the issue, then the navigator acts to locate code, then terminates with a premature conclusion that the bug is already fixed, and finally acts by proposing a wrong solution. The initiating fault is the TERMINATE action at event [3], where the agent incorrectly decides the issue is resolved without verifying the fast-delete path, which is the core of the bug. This faulty decision leads the entire run astray.",,,full_set/HyperAgent/Claude/SWE-Bench-Lite/Fail/1.1/HyperAgent_SWE-Bench-Lite_Claude__idx11__tid11.json,deepseek-v4-pro
15,failing_candidate,PLAN :: ACT :: TERMINATE :: ACT,1,1,not_caused,False,The run failed because the proposed patch introduced a new error ('PairGrid' object has no attribute 'diag_axes') instead of fixing the original KeyError.,"The highlighted window shows a PLAN → ACT → TERMINATE → ACT sequence where the planner suggests using diag_kind parameter and the editor proposes a patch. The initiating fault occurred earlier at event [8] where the editor incorrectly modified the PairGrid class, causing the diag_axes attribute to be missing. That fault is outside the highlighted window.",,,full_set/HyperAgent/Claude/SWE-Bench-Lite/Fail/1.1/HyperAgent_SWE-Bench-Lite_Claude__idx15__tid15.json,deepseek-v4-pro
18,failing_candidate,PLAN :: ACT :: TERMINATE :: ACT,1,1,not_caused,False,"The agent attempted to modify the Flask source code but the changes were not applied, leading to a workaround that did not match the expected patch.","The highlighted window shows a PLAN → ACT → TERMINATE → ACT sequence where the agent plans to locate the from_file method, executes a search, terminates with a summary, and then outputs the code. The initiating fault occurred earlier at event [5] when the agent proposed a mode parameter with default 't' instead of 'r', deviating from the expected patch. That fault is outside the highlighted window.",,,full_set/HyperAgent/Claude/SWE-Bench-Lite/Fail/1.1/HyperAgent_SWE-Bench-Lite_Claude__idx18__tid18.json,deepseek-v4-pro
5,failing_candidate,PLAN :: ACT :: TERMINATE :: ACT,1,1,not_caused,False,"The run failed because the agent added a new function set_seaborn_colorblind_style() instead of fixing the root cause (the missing _StyleLibrary class and deprecated style mapping), leaving the original bug unresolved.","The highlighted window shows a PLAN → ACT → TERMINATE → ACT sequence where the agent attempts to add a missing function to core.py and then checks documentation. The initiating fault occurred earlier: the agent's first code edit (event 10) introduced a workaround function rather than implementing the correct fix (the _StyleLibrary class and deprecated style mapping from the patch). That earlier decision set the failure path, not the actions in this window.",,,full_set/HyperAgent/Claude/SWE-Bench-Lite/Fail/1.1/HyperAgent_SWE-Bench-Lite_Claude__idx5__tid5.json,deepseek-v4-pro
10,failing_candidate,PLAN :: ACT :: TERMINATE :: ACT,1,1,caused,True,"The run failed because the agent added a _print_sinc method that incorrectly used Ne(expr.args[0], 0) instead of Eq(expr.args[0], 0) for the piecewise condition, leading to a flawed implementation.","The highlighted window shows a PLAN → ACT → TERMINATE → ACT sequence where the agent plans to add a _print_sinc method, then executes code to add it, terminates with a summary, and then executes a test. The initiating fault is the addition of the _print_sinc method with the wrong condition (Ne instead of Eq), which occurs within this window. This mistake directly causes the failure because the generated C code for sinc(x) would be incorrect.",,,full_set/HyperAgent/Claude/SWE-Bench-Lite/Fail/1.3/HyperAgent_SWE-Bench-Lite_Claude__idx10__tid10.json,deepseek-v4-pro
17,failing_candidate,PLAN :: ACT :: TERMINATE :: ACT,1,1,not_caused,False,The run failed because the agent attempted to modify the wrong function (check_array) instead of the correct function (check_clusterings) to fix the input validation regression.,"The highlighted window shows a PLAN → ACT → TERMINATE → ACT sequence where the agent reports the mutual_info_score function and suggests a workaround. The initiating fault occurred earlier at event [1] when the agent planned to investigate mutual_info_score instead of check_clusterings, which is the actual source of the regression per the provided patch. That fault lies outside the highlighted window.",,,full_set/HyperAgent/Claude/SWE-Bench-Lite/Fail/1.3/HyperAgent_SWE-Bench-Lite_Claude__idx17__tid17.json,deepseek-v4-pro
21,failing_candidate,PLAN :: ACT :: TERMINATE :: ACT,1,1,not_caused,False,The run failed because the agent incorrectly identified the root cause and proposed a workaround instead of applying the actual patch to fix the bug in _lookup_single.,"The highlighted window shows a PLAN → ACT → TERMINATE sequence where the agent incorrectly reports that the map function is not implemented in axisgrid.py and then attempts to modify it. The initiating fault is the original bug in _lookup_single (event 1), which lies outside this window.",,,full_set/HyperAgent/Claude/SWE-Bench-Lite/Fail/1.3/HyperAgent_SWE-Bench-Lite_Claude__idx21__tid21.json,deepseek-v4-pro
7,failing_candidate,PLAN :: ACT :: TERMINATE :: ACT,1,1,not_caused,False,"The run failed because the test execution encountered build/installation errors, preventing verification of the fix.","The highlighted window shows a PLAN → ACT → TERMINATE → ACT sequence where the planner relays file locations and the navigator reads the source code. The initiating fault is the original bug in the transform method, which lies outside this window (earlier in the codebase). The window itself contains no mistake; it is part of the analysis phase.",,,full_set/HyperAgent/Claude/SWE-Bench-Lite/Fail/1.3/HyperAgent_SWE-Bench-Lite_Claude__idx7__tid7.json,deepseek-v4-pro
12,failing_candidate,PLAN :: ACT :: TERMINATE :: ACT,1,1,not_caused,False,"The agent failed to correctly fix the Permutation constructor to handle non-disjoint cycles, repeatedly producing incorrect implementations that did not yield the identity permutation for repeated cycles.","The highlighted window shows a PLAN → ACT → TERMINATE → ACT sequence where the agent proposes a flawed solution (constructing identity for non-disjoint cycles) and then attempts to implement it. The initiating fault occurred earlier in the trace (event 1) when the agent first planned to investigate the issue but failed to correctly identify the root cause in the __new__ method, leading to subsequent incorrect fixes.",,,full_set/HyperAgent/Claude/SWE-Bench-Lite/Fail/3.3/HyperAgent_SWE-Bench-Lite_Claude__idx12__tid12.json,deepseek-v4-pro
